<?xml version="1.0" encoding="utf-8"?>
<resources>


    <string name="create_new_account">Create New Account</string>
    <string name="app_name">Airbus Metaverse</string>
    <string name="title_activity_login">LoginActivity</string>
    <string name="prompt_email">Email</string>
    <string name="prompt_password">Password</string>
    <string name="action_sign_in">Sign in or register</string>
    <string name="action_sign_in_short">Sign in</string>
    <string name="welcome">"Welcome !"</string>
    <string name="invalid_username">Not a valid username</string>
    <string name="invalid_password">Password must be >5 characters</string>
    <string name="login_failed">"Login failed"</string>

    <string-array name="countries">
        <item>         </item>
        <item>Afghanistan</item>
        <item>Albania</item>
        <item>Algeria</item>
        <item>Andorra</item>
        <item>Angola</item>
        <item>Antigua &amp; Deps</item>
        <item>Argentina</item>
        <item>Armenia</item>
        <item>Australia</item>
        <item>Austria</item>
        <item>Azerbaijan</item>
        <item>Bahamas</item>
        <item>Bahrain</item>
        <item>Bangladesh</item>
        <item>Barbados</item>
        <item>Belarus</item>
        <item>Belgium</item>
        <item>Belize</item>
        <item>Benin</item>
        <item>Bhutan</item>
        <item>Bolivia</item>
        <item>Bosnia Herzegovina</item>
        <item>Botswana</item>
        <item>Brazil</item>
        <item>Brunei</item>
        <item>Bulgaria</item>
        <item>Burkina</item>
        <item>Burundi</item>
        <item>Cambodia</item>
        <item>Cameroon</item>
        <item>Canada</item>
        <item>Cape Verde</item>
        <item>Central African Republic</item>
        <item>Chad</item>
        <item>Chile</item>
        <item>China</item>
        <item>Colombia</item>
        <item>Comoros</item>
        <item>Congo</item>
        <item>Congo {Democratic Rep}</item>
        <item>Costa Rica</item>
        <item>Croatia</item>
        <item>Cuba</item>
        <item>Cyprus</item>
        <item>Czech Republic</item>
        <item>Denmark</item>
        <item>Djibouti</item>
        <item>Dominica</item>
        <item>Dominican Republic</item>
        <item>East Timor</item>
        <item>Ecuador</item>
        <item>Egypt</item>
        <item>El Salvador</item>
        <item>Equatorial Guinea</item>
        <item>Eritrea</item>
        <item>Estonia</item>
        <item>Ethiopia</item>
        <item>Fiji</item>
        <item>Finland</item>
        <item>France</item>
        <item>Gabon</item>
        <item>Gambia</item>
        <item>Georgia</item>
        <item>Germany</item>
        <item>Ghana</item>
        <item>Greece</item>
        <item>Grenada</item>
        <item>Guatemala</item>
        <item>Guinea</item>
        <item>Guinea-Bissau</item>
        <item>Guyana</item>
        <item>Haiti</item>
        <item>Honduras</item>
        <item>Hungary</item>
        <item>Iceland</item>
        <item>India</item>
        <item>Indonesia</item>
        <item>Iran</item>
        <item>Iraq</item>
        <item>Ireland {Republic of}</item>
        <item>Israel</item>
        <item>Italy</item>
        <item>Ivory Coast</item>
        <item>Jamaica</item>
        <item>Japan</item>
        <item>Jordan</item>
        <item>Kazakhstan</item>
        <item>Kenya</item>
        <item>Kiribati</item>
        <item>Korea North</item>
        <item>Korea South</item>
        <item>Kosovo</item>
        <item>Kuwait</item>
        <item>Kyrgyzstan</item>
        <item>Laos</item>
        <item>Latvia</item>
        <item>Lebanon</item>
        <item>Lesotho</item>
        <item>Liberia</item>
        <item>Libya</item>
        <item>Liechtenstein</item>
        <item>Lithuania</item>
        <item>Luxembourg</item>
        <item>Macedonia</item>
        <item>Madagascar</item>
        <item>Malawi</item>
        <item>Malaysia</item>
        <item>Maldives</item>
        <item>Mali</item>
        <item>Malta</item>
        <item>Marshall Islands</item>
        <item>Mauritania</item>
        <item>Mauritius</item>
        <item>Mexico</item>
        <item>Micronesia</item>
        <item>Moldova</item>
        <item>Monaco</item>
        <item>Mongolia</item>
        <item>Montenegro</item>
        <item>Morocco</item>
        <item>Mozambique</item>
        <item>Myanmar, {Burma}</item>
        <item>Namibia</item>
        <item>Nauru</item>
        <item>Nepal</item>
        <item>Netherlands</item>
        <item>New Zealand</item>
        <item>Nicaragua</item>
        <item>Niger</item>
        <item>Nigeria</item>
        <item>Norway</item>
        <item>Oman</item>
        <item>Pakistan</item>
        <item>Palau</item>
        <item>Panama</item>
        <item>Papua New Guinea</item>
        <item>Paraguay</item>
        <item>Peru</item>
        <item>Philippines</item>
        <item>Poland</item>
        <item>Portugal</item>
        <item>Qatar</item>
        <item>Romania</item>
        <item>Russian Federation</item>
        <item>Rwanda</item>
        <item>St Kitts &amp; Nevis</item>
        <item>St Lucia</item>
        <item>Saint Vincent &amp; the Grenadines</item>
        <item>Samoa</item>
        <item>San Marino</item>
        <item>Sao Tome &amp; Principe</item>
        <item>Saudi Arabia</item>
        <item>Senegal</item>
        <item>Serbia</item>
        <item>Seychelles</item>
        <item>Sierra Leone</item>
        <item>Singapore</item>
        <item>Slovakia</item>
        <item>Slovenia</item>
        <item>Solomon Islands</item>
        <item>Somalia</item>
        <item>South Africa</item>
        <item>South Sudan</item>
        <item>Spain</item>
        <item>Sri Lanka</item>
        <item>Sudan</item>
        <item>Suriname</item>
        <item>Swaziland</item>
        <item>Sweden</item>
        <item>Switzerland</item>
        <item>Syria</item>
        <item>Taiwan</item>
        <item>Tajikistan</item>
        <item>Tanzania</item>
        <item>Thailand</item>
        <item>Togo</item>
        <item>Tonga</item>
        <item>Trinidad &amp; Tobago</item>
        <item>Tunisia</item>
        <item>Turkey</item>
        <item>Turkmenistan</item>
        <item>Tuvalu</item>
        <item>Uganda</item>
        <item>Ukraine</item>
        <item>United Arab Emirates</item>
        <item>United Kingdom</item>
        <item>United States</item>
        <item>Uruguay</item>
        <item>Uzbekistan</item>
        <item>Vanuatu</item>
        <item>Vatican City</item>
        <item>Venezuela</item>
        <item>Vietnam</item>
        <item>Yemen</item>
        <item>Zambia</item>
        <item>Zimbabwe</item>
    </string-array>

    <string-array name="flight">
        <item>            </item>
        <item>Airbus ZEROe</item>
    </string-array>
</resources>